{"cameraMode":{"drawMode":0,"name":"Shaded","section":"Shading Mode"},"sceneLighting":true,"audioPlay":false,"sceneViewState":{"m_AlwaysRefresh":false,"showFog":true,"showSkybox":true,"showFlares":true,"showImageEffects":true,"showParticleSystems":true,"showVisualEffectGraphs":true,"m_FxEnabled":true},"in2DMode":false,"pivot":{"x":23.452606201171876,"y":12.749570846557618,"z":35.16584777832031},"rotation":{"x":0.46918195486068728,"y":-0.2598443031311035,"z":0.14667873084545136,"w":0.8311645984649658},"size":24.496402740478517,"orthographic":false}